Country,Year,Value,GHG,Iso3
Belgium,2008,87656849.13,CO2,BEL
Bulgaria,2008,53252861.24,CO2,BGR
Czechia,2008,103864484.19,CO2,CZE
Denmark,2008,85911439.04,CO2,DNK
Germany,2008,733952059.71,CO2,DEU
Estonia,2008,17951402.69,CO2,EST
Ireland,2008,30938584.15,CO2,IRL
Greece,2008,101476310.76,CO2,GRC
Spain,2008,269884682.84,CO2,ESP
France,2008,312003866.88,CO2,FRA
Croatia,2008,18149226.22,CO2,HRV
Italy,2008,380272530.08,CO2,ITA
Cyprus,2008,7588141.3,CO2,CYP
Latvia,2008,8678132.93,CO2,LVA
Lithuania,2008,13282020.21,CO2,LTU
Luxembourg,2008,7391374,CO2,LUX
Hungary,2008,46430545.91,CO2,HUN
Malta,2008,2697888.18,CO2,MLT
Netherlands,2008,157690728.93,CO2,NLD
Austria,2008,54848095.99,CO2,AUT
Poland,2008,286923919.57,CO2,POL
Portugal,2008,52793755.86,CO2,PRT
Romania,2008,95346626.34,CO2,ROU
Slovenia,2008,13282176.3,CO2,SVN
Slovakia,2008,33901805.12,CO2,SVK
Finland,2008,55041688.63,CO2,FIN
Sweden,2008,45208606.04,CO2,SWE
Iceland,2008,4018118.02,CO2,ISL
Norway,2008,48941336.39,CO2,NOR
Switzerland,2008,28919538.3,CO2,CHE
Serbia,2008,:,CO2,SRB
Türkiye,2008,248172092,CO2,TUR
Belgium,2009,76759650.62,CO2,BEL
Bulgaria,2009,45111798.86,CO2,BGR
Czechia,2009,95297240.55,CO2,CZE
Denmark,2009,79998746.9,CO2,DNK
Germany,2009,722857526.55,CO2,DEU
Estonia,2009,14713147.68,CO2,EST
Ireland,2009,26891737.43,CO2,IRL
Greece,2009,94802970.85,CO2,GRC
Spain,2009,232093849.86,CO2,ESP
France,2009,285395870.69,CO2,FRA
Croatia,2009,16319605.96,CO2,HRV
Italy,2009,320039058.46,CO2,ITA
Cyprus,2009,7297438.03,CO2,CYP
Latvia,2009,7249103.9,CO2,LVA
Lithuania,2009,11065299.91,CO2,LTU
Luxembourg,2009,7413868,CO2,LUX
Hungary,2009,40744127.8,CO2,HUN
Malta,2009,2526623.36,CO2,MLT
Netherlands,2009,151516478.55,CO2,NLD
Austria,2009,48899430.19,CO2,AUT
Poland,2009,271751076.34,CO2,POL
Portugal,2009,49837772.74,CO2,PRT
Romania,2009,75381296.71,CO2,ROU
Slovenia,2009,12046078.9,CO2,SVN
Slovakia,2009,30461637.63,CO2,SVK
Finland,2009,52820262.6,CO2,FIN
Sweden,2009,40434625.94,CO2,SWE
Iceland,2009,3781402.35,CO2,ISL
Norway,2009,45940850.12,CO2,NOR
Switzerland,2009,27934073.8,CO2,CHE
Serbia,2009,:,CO2,SRB
Türkiye,2009,247567285,CO2,TUR
Belgium,2010,82665899.99,CO2,BEL
Bulgaria,2010,46909842.02,CO2,BGR
Czechia,2010,97202479.87,CO2,CZE
Denmark,2010,78789963.61,CO2,DNK
Germany,2010,692149282.28,CO2,DEU
Estonia,2010,19285244.06,CO2,EST
Ireland,2010,34496186.91,CO2,IRL
Greece,2010,90038488.92,CO2,GRC
Spain,2010,219249918.94,CO2,ESP
France,2010,294070508.99,CO2,FRA
Croatia,2010,15790286.79,CO2,HRV
Italy,2010,331877124.8,CO2,ITA
Cyprus,2010,6894142.06,CO2,CYP
Latvia,2010,8495425.45,CO2,LVA
Lithuania,2010,11817980.69,CO2,LTU
Luxembourg,2010,7501861.0,CO2,LUX
Hungary,2010,41608409.26,CO2,HUN
Malta,2010,2594158.49,CO2,MLT
Netherlands,2010,159461143.95,CO2,NLD
Austria,2010,52507471.33,CO2,AUT
Poland,2010,285644911.36,CO2,POL
Portugal,2010,45318402.29,CO2,PRT
Romania,2010,72484445.57,CO2,ROU
Slovenia,2010,12264000.44,CO2,SVN
Slovakia,2010,30650962.28,CO2,SVK
Finland,2010,61156450.52,CO2,FIN
Sweden,2010,46632507.94,CO2,SWE
Iceland,2010,3746186.61,CO2,ISL
Norway,2010,49586592.1,CO2,NOR
Switzerland,2010,28774911.37,CO2,CHE
Serbia,2010,44341254.75,CO2,SRB
Türkiye,2010,248992840.0,CO2,TUR
Belgium,2011,76756689.38,CO2,BEL
Bulgaria,2011,52035383.25,CO2,BGR
Czechia,2011,94414077.53,CO2,CZE
Denmark,2011,78436253.46,CO2,DNK
Germany,2011,680793245.57,CO2,DEU
Estonia,2011,18927876.4,CO2,EST
Ireland,2011,32767409.83,CO2,IRL
Greece,2011,85975442.31,CO2,GRC
Spain,2011,226684994.1,CO2,ESP
France,2011,278627032.47,CO2,FRA
Croatia,2011,15594119.44,CO2,HRV
Italy,2011,321830908.76,CO2,ITA
Cyprus,2011,6319082.95,CO2,CYP
Latvia,2011,7785828.36,CO2,LVA
Lithuania,2011,12338166.36,CO2,LTU
Luxembourg,2011,6853838.0,CO2,LUX
Hungary,2011,41548167.07,CO2,HUN
Malta,2011,2605478.61,CO2,MLT
Netherlands,2011,152142356.91,CO2,NLD
Austria,2011,50945348.41,CO2,AUT
Poland,2011,289922437.59,CO2,POL
Portugal,2011,45220645.83,CO2,PRT
Romania,2011,79902001.14,CO2,ROU
Slovenia,2011,11953985.44,CO2,SVN
Slovakia,2011,31373493.78,CO2,SVK
Finland,2011,53957427.46,CO2,FIN
Sweden,2011,42446548.57,CO2,SWE
Iceland,2011,3653036.1,CO2,ISL
Norway,2011,54562966.2,CO2,NOR
Switzerland,2011,27841739.5,CO2,CHE
Serbia,2011,49320137.25,CO2,SRB
Türkiye,2011,270416260.0,CO2,TUR
Belgium,2012,73304707.45,CO2,BEL
Bulgaria,2012,47190042.73,CO2,BGR
Czechia,2012,89952602.22,CO2,CZE
Denmark,2012,71594993.06,CO2,DNK
Germany,2012,692222668.06,CO2,DEU
Estonia,2012,17612896.61,CO2,EST
Ireland,2012,33808072.99,CO2,IRL
Greece,2012,84908533.49,CO2,GRC
Spain,2012,224715043.41,CO2,ESP
France,2012,277154367.79,CO2,FRA
Croatia,2012,14114598.92,CO2,HRV
Italy,2012,306409040.94,CO2,ITA
Cyprus,2012,5714363.1,CO2,CYP
Latvia,2012,7476366.21,CO2,LVA
Lithuania,2012,12263668.82,CO2,LTU
Luxembourg,2012,6735634.0,CO2,LUX
Hungary,2012,37091290.94,CO2,HUN
Malta,2012,2749634.86,CO2,MLT
Netherlands,2012,148464406.8,CO2,NLD
Austria,2012,48105427.56,CO2,AUT
Poland,2012,280684326.34,CO2,POL
Portugal,2012,44382645.09,CO2,PRT
Romania,2012,76111609.69,CO2,ROU
Slovenia,2012,11308043.92,CO2,SVN
Slovakia,2012,28890179.15,CO2,SVK
Finland,2012,48272855.44,CO2,FIN
Sweden,2012,39673355.25,CO2,SWE
Iceland,2012,3773596.3,CO2,ISL
Norway,2012,54038380.12,CO2,NOR
Switzerland,2012,28332830.57,CO2,CHE
Serbia,2012,42904908.19,CO2,SRB
Türkiye,2012,272789379.0,CO2,TUR
Belgium,2013,71323896.52,CO2,BEL
Bulgaria,2013,41765716.87,CO2,BGR
Czechia,2013,85961864.46,CO2,CZE
Denmark,2013,69933338.6,CO2,DNK
Germany,2013,702429767.51,CO2,DEU
Estonia,2013,19409339.92,CO2,EST
Ireland,2013,33410990.62,CO2,IRL
Greece,2013,76825312.93,CO2,GRC
Spain,2013,197864331.91,CO2,ESP
France,2013,275101264.52,CO2,FRA
Croatia,2013,13769372.77,CO2,HRV
Italy,2013,275865535.39,CO2,ITA
Cyprus,2013,5102842.73,CO2,CYP
Latvia,2013,7140942.69,CO2,LVA
Lithuania,2013,11347160.63,CO2,LTU
Luxembourg,2013,6563498.0,CO2,LUX
Hungary,2013,35292390.99,CO2,HUN
Malta,2013,2437074.88,CO2,MLT
Netherlands,2013,147784062.38,CO2,NLD
Austria,2013,46755719.22,CO2,AUT
Poland,2013,278009522.57,CO2,POL
Portugal,2013,42672275.82,CO2,PRT
Romania,2013,65715183.04,CO2,ROU
Slovenia,2013,11106571.61,CO2,SVN
Slovakia,2013,28527684.46,CO2,SVK
Finland,2013,49154693.73,CO2,FIN
Sweden,2013,38474528.66,CO2,SWE
Iceland,2013,4179345.72,CO2,ISL
Norway,2013,54324391.23,CO2,NOR
Switzerland,2013,28687233.25,CO2,CHE
Serbia,2013,44328973.53,CO2,SRB
Türkiye,2013,265510720.0,CO2,TUR
Belgium,2014,69202786.13,CO2,BEL
Bulgaria,2014,44482999.13,CO2,BGR
Czechia,2014,85070438.35,CO2,CZE
Denmark,2014,64676052.67,CO2,DNK
Germany,2014,662356550.91,CO2,DEU
Estonia,2014,18498406.48,CO2,EST
Ireland,2014,34023275.5,CO2,IRL
Greece,2014,74441473.76,CO2,GRC
Spain,2014,200881452.22,CO2,ESP
France,2014,253017054.35,CO2,FRA
Croatia,2014,13118487.3,CO2,HRV
Italy,2014,257962868.18,CO2,ITA
Cyprus,2014,5442692.42,CO2,CYP
Latvia,2014,6955643.01,CO2,LVA
Lithuania,2014,12026747.06,CO2,LTU
Luxembourg,2014,6780910.0,CO2,LUX
Hungary,2014,35922158.58,CO2,HUN
Malta,2014,2427883.48,CO2,MLT
Netherlands,2014,147652569.46,CO2,NLD
Austria,2014,44339328.24,CO2,AUT
Poland,2014,269909388.09,CO2,POL
Portugal,2014,42545787.25,CO2,PRT
Romania,2014,66203202.38,CO2,ROU
Slovenia,2014,9750627.34,CO2,SVN
Slovakia,2014,26665689.06,CO2,SVK
Finland,2014,44900715.27,CO2,FIN
Sweden,2014,37062214.23,CO2,SWE
Iceland,2014,4247572.52,CO2,ISL
Norway,2014,53786251.34,CO2,NOR
Switzerland,2014,27052658.14,CO2,CHE
Serbia,2014,35919684.58,CO2,SRB
Türkiye,2014,280146977.0,CO2,TUR
Belgium,2015,71895703.31,CO2,BEL
Bulgaria,2015,47144934.25,CO2,BGR
Czechia,2015,83960284.9,CO2,CZE
Denmark,2015,68280862.92,CO2,DNK
Germany,2015,666026516.21,CO2,DEU
Estonia,2015,15290103.52,CO2,EST
Ireland,2015,35807246.72,CO2,IRL
Greece,2015,70951375.82,CO2,GRC
Spain,2015,215782321.67,CO2,ESP
France,2015,253820658.06,CO2,FRA
Croatia,2015,12977202.67,CO2,HRV
Italy,2015,262962327.13,CO2,ITA
Cyprus,2015,5250016.58,CO2,CYP
Latvia,2015,7251349.11,CO2,LVA
Lithuania,2015,12622365.3,CO2,LTU
Luxembourg,2015,7631415.0,CO2,LUX
Hungary,2015,37842948.96,CO2,HUN
Malta,2015,1687126.99,CO2,MLT
Netherlands,2015,153250033.25,CO2,NLD
Austria,2015,45406103.54,CO2,AUT
Poland,2015,273372565.64,CO2,POL
Portugal,2015,46848142.76,CO2,PRT
Romania,2015,64824876.91,CO2,ROU
Slovenia,2015,9923024.34,CO2,SVN
Slovakia,2015,27806964.93,CO2,SVK
Finland,2015,41641665.25,CO2,FIN
Sweden,2015,37544045.87,CO2,SWE
Iceland,2015,4495222.77,CO2,ISL
Norway,2015,60809261.77,CO2,NOR
Switzerland,2015,26746007.98,CO2,CHE
Serbia,2015,43665398.04,CO2,SRB
Türkiye,2015,310123230.0,CO2,TUR
Belgium,2016,71627061.68,CO2,BEL
Bulgaria,2016,44822120.94,CO2,BGR
Czechia,2016,86095390.75,CO2,CZE
Denmark,2016,73463290.18,CO2,DNK
Germany,2016,657452631.59,CO2,DEU
Estonia,2016,16962030.11,CO2,EST
Ireland,2016,39796178.43,CO2,IRL
Greece,2016,68985864.96,CO2,GRC
Spain,2016,204417582.29,CO2,ESP
France,2016,253953753.32,CO2,FRA
Croatia,2016,13042454.5,CO2,HRV
Italy,2016,260583343.72,CO2,ITA
Cyprus,2016,5594924.22,CO2,CYP
Latvia,2016,7083570.54,CO2,LVA
Lithuania,2016,12296092.3,CO2,LTU
Luxembourg,2016,7474114.0,CO2,LUX
Hungary,2016,37505459.54,CO2,HUN
Malta,2016,1345031.45,CO2,MLT
Netherlands,2016,152738166.97,CO2,NLD
Austria,2016,44618393.29,CO2,AUT
Poland,2016,284120185.6,CO2,POL
Portugal,2016,44624918.1,CO2,PRT
Romania,2016,63038788.28,CO2,ROU
Slovenia,2016,10392081.77,CO2,SVN
Slovakia,2016,28362529.42,CO2,SVK
Finland,2016,44945858.63,CO2,FIN
Sweden,2016,38828540.56,CO2,SWE
Iceland,2016,5131369.32,CO2,ISL
Norway,2016,52388806.84,CO2,NOR
Switzerland,2016,26938847.5,CO2,CHE
Serbia,2016,44757929.0,CO2,SRB
Türkiye,2016,323151517.0,CO2,TUR
Belgium,2017,71658116.71,CO2,BEL
Bulgaria,2017,46720379.44,CO2,BGR
Czechia,2017,84522238.28,CO2,CZE
Denmark,2017,72654851.32,CO2,DNK
Germany,2017,649273598.36,CO2,DEU
Estonia,2017,18053840.73,CO2,EST
Ireland,2017,41808714.75,CO2,IRL
Greece,2017,74376892.38,CO2,GRC
Spain,2017,219079617.01,CO2,ESP
France,2017,263741587.5,CO2,FRA
Croatia,2017,13659990.32,CO2,HRV
Italy,2017,261483093.45,CO2,ITA
Cyprus,2017,5825333.14,CO2,CYP
Latvia,2017,7215957.33,CO2,LVA
Lithuania,2017,12958343.1,CO2,LTU
Luxembourg,2017,7450554.0,CO2,LUX
Hungary,2017,39524581.02,CO2,HUN
Malta,2017,1488089.1,CO2,MLT
Netherlands,2017,150141833.3,CO2,NLD
Austria,2017,47695358.1,CO2,AUT
Poland,2017,300712032.07,CO2,POL
Portugal,2017,49669685.25,CO2,PRT
Romania,2017,65048380.69,CO2,ROU
Slovenia,2017,10598340.59,CO2,SVN
Slovakia,2017,29340846.19,CO2,SVK
Finland,2017,42234732.81,CO2,FIN
Sweden,2017,37409441.97,CO2,SWE
Iceland,2017,5502454.26,CO2,ISL
Norway,2017,55009483.01,CO2,NOR
Switzerland,2017,26450944.43,CO2,CHE
Serbia,2017,45630398.38,CO2,SRB
Türkiye,2017,337000661.0,CO2,TUR
Belgium,2018,73544083.46,CO2,BEL
Bulgaria,2018,42562492.98,CO2,BGR
Czechia,2018,85917613.26,CO2,CZE
Denmark,2018,73425967.48,CO2,DNK
Germany,2018,627782258.63,CO2,DEU
Estonia,2018,17128830.16,CO2,EST
Ireland,2018,42501389.71,CO2,IRL
Greece,2018,73997783.63,CO2,GRC
Spain,2018,212811390.79,CO2,ESP
France,2018,256242750.46,CO2,FRA
Croatia,2018,12705855.47,CO2,HRV
Italy,2018,256155930.02,CO2,ITA
Cyprus,2018,5874594.89,CO2,CYP
Latvia,2018,7823740.0,CO2,LVA
Lithuania,2018,14105526.84,CO2,LTU
Luxembourg,2018,7588714.0,CO2,LUX
Hungary,2018,39888109.4,CO2,HUN
Malta,2018,1615909.14,CO2,MLT
Netherlands,2018,146206401.72,CO2,NLD
Austria,2018,45168202.93,CO2,AUT
Poland,2018,300861879.16,CO2,POL
Portugal,2018,46103947.59,CO2,PRT
Romania,2018,64811227.57,CO2,ROU
Slovenia,2018,10875014.13,CO2,SVN
Slovakia,2018,29707094.56,CO2,SVK
Finland,2018,43604005.64,CO2,FIN
Sweden,2018,37257668.47,CO2,SWE
Iceland,2018,5744632.24,CO2,ISL
Norway,2018,58284265.98,CO2,NOR
Switzerland,2018,26154334.23,CO2,CHE
Serbia,2018,45175655.47,CO2,SRB
Türkiye,2018,333548997.0,CO2,TUR
Belgium,2019,74209541.64,CO2,BEL
Bulgaria,2019,41209020.26,CO2,BGR
Czechia,2019,80891193.23,CO2,CZE
Denmark,2019,70299345.18,CO2,DNK
Germany,2019,565374403.53,CO2,DEU
Estonia,2019,11924934.0,CO2,EST
Ireland,2019,41482761.28,CO2,IRL
Greece,2019,68586235.64,CO2,GRC
Spain,2019,196989064.14,CO2,ESP
France,2019,250715911.34,CO2,FRA
Croatia,2019,12882215.72,CO2,HRV
Italy,2019,249747825.1,CO2,ITA
Cyprus,2019,5659033.18,CO2,CYP
Latvia,2019,7888435.71,CO2,LVA
Lithuania,2019,14472688.95,CO2,LTU
Luxembourg,2019,8217502.0,CO2,LUX
Hungary,2019,38517209.28,CO2,HUN
Malta,2019,2244158.71,CO2,MLT
Netherlands,2019,143049217.09,CO2,NLD
Austria,2019,48747123.71,CO2,AUT
Poland,2019,287282933.78,CO2,POL
Portugal,2019,42352944.61,CO2,PRT
Romania,2019,61502732.5,CO2,ROU
Slovenia,2019,10721298.36,CO2,SVN
Slovakia,2019,27593906.48,CO2,SVK
Finland,2019,40868254.77,CO2,FIN
Sweden,2019,36222037.63,CO2,SWE
Iceland,2019,4889713.46,CO2,ISL
Norway,2019,58492593.47,CO2,NOR
Switzerland,2019,26230909.78,CO2,CHE
Serbia,2019,44025922.67,CO2,SRB
Türkiye,2019,312146432.0,CO2,TUR
Belgium,2020,67941159.47,CO2,BEL
Bulgaria,2020,35296686.17,CO2,BGR
Czechia,2020,71628725.85,CO2,CZE
Denmark,2020,60295669.25,CO2,DNK
Germany,2020,494367063.77,CO2,DEU
Estonia,2020,8475035.61,CO2,EST
Ireland,2020,28605060.23,CO2,IRL
Greece,2020,57986171.28,CO2,GRC
Spain,2020,160658120.97,CO2,ESP
France,2020,218902335.05,CO2,FRA
Croatia,2020,12174729.04,CO2,HRV
Italy,2020,221208643.2,CO2,ITA
Cyprus,2020,5513894.21,CO2,CYP
Latvia,2020,6269420.28,CO2,LVA
Lithuania,2020,16153504.97,CO2,LTU
Luxembourg,2020,7337272.0,CO2,LUX
Hungary,2020,35444347.82,CO2,HUN
Malta,2020,1986561.15,CO2,MLT
Netherlands,2020,124964191.08,CO2,NLD
Austria,2020,42609391.57,CO2,AUT
Poland,2020,270746814.83,CO2,POL
Portugal,2020,35135076.89,CO2,PRT
Romania,2020,57918955.99,CO2,ROU
Slovenia,2020,10221652.71,CO2,SVN
Slovakia,2020,24834536.16,CO2,SVK
Finland,2020,34002039.54,CO2,FIN
Sweden,2020,31319526.95,CO2,SWE
Iceland,2020,3845543.54,CO2,ISL
Norway,2020,52590067.93,CO2,NOR
Switzerland,2020,20976303.73,CO2,CHE
Serbia,2020,44930847.67,CO2,SRB
Türkiye,2020,315280430.0,CO2,TUR
Belgium,2021,69018533.11,CO2,BEL
Bulgaria,2021,41128466.51,CO2,BGR
Czechia,2021,76676215.92,CO2,CZE
Denmark,2021,68746022.73,CO2,DNK
Germany,2021,539064362.44,CO2,DEU
Estonia,2021,9631930.03,CO2,EST
Ireland,2021,30980283.68,CO2,IRL
Greece,2021,58404618.84,CO2,GRC
Spain,2021,174108191.72,CO2,ESP
France,2021,239180438.62,CO2,FRA
Croatia,2021,12387731.33,CO2,HRV
Italy,2021,242104205.96,CO2,ITA
Cyprus,2021,5459210.13,CO2,CYP
Latvia,2021,6655388.02,CO2,LVA
Lithuania,2021,16396189.11,CO2,LTU
Luxembourg,2021,7367722.0,CO2,LUX
Hungary,2021,36048975.02,CO2,HUN
Malta,2021,2487478.71,CO2,MLT
Netherlands,2021,126891000.92,CO2,NLD
Austria,2021,45072094.1,CO2,AUT
Poland,2021,301953740.94,CO2,POL
Portugal,2021,34562853.42,CO2,PRT
Romania,2021,59881572.48,CO2,ROU
Slovenia,2021,10053994.64,CO2,SVN
Slovakia,2021,28705471.83,CO2,SVK
Finland,2021,34103501.66,CO2,FIN
Sweden,2021,33666297.75,CO2,SWE
Iceland,2021,3872976.33,CO2,ISL
Norway,2021,50386252.76,CO2,NOR
Switzerland,2021,22238481.77,CO2,CHE
Serbia,2021,43308686.0,CO2,SRB
Türkiye,2021,349242964.0,CO2,TUR
Belgium,2022,66214322.31,CO2,BEL
Bulgaria,2022,45957738.53,CO2,BGR
Czechia,2022,77121407.77,CO2,CZE
Denmark,2022,62745554.5,CO2,DNK
Germany,2022,543638476.74,CO2,DEU
Estonia,2022,11086367.58,CO2,EST
Ireland,2022,38556757.43,CO2,IRL
Greece,2022,54630305.6,CO2,GRC
Spain,2022,182676092.15,CO2,ESP
France,2022,235168416.28,CO2,FRA
Croatia,2022,12467259.06,CO2,HRV
Italy,2022,248705540.08,CO2,ITA
Cyprus,2022,5549664.37,CO2,CYP
Latvia,2022,6567978.58,CO2,LVA
Lithuania,2022,15222431.94,CO2,LTU
Luxembourg,2022,6854931.0,CO2,LUX
Hungary,2022,35658206.71,CO2,HUN
Malta,2022,3054450.56,CO2,MLT
Netherlands,2022,120955699.52,CO2,NLD
Austria,2022,46145695.5,CO2,AUT
Poland,2022,290536493.45,CO2,POL
Portugal,2022,36416170.44,CO2,PRT
Romania,2022,55897874.56,CO2,ROU
Slovenia,2022,9020508.49,CO2,SVN
Slovakia,2022,25078804.03,CO2,SVK
Finland,2022,34640190.89,CO2,FIN
Sweden,2022,32899479.56,CO2,SWE
Iceland,2022,4940792.11,CO2,ISL
Norway,2022,51380854.79,CO2,NOR
Switzerland,2022,22952844.33,CO2,CHE
Serbia,2022,43562540.39,CO2,SRB
Türkiye,2022,336372930.0,CO2,TUR
Belgium,2023,61481321.41,CO2,BEL
Bulgaria,2023,31872057.31,CO2,BGR
Czechia,2023,67950178.59,CO2,CZE
Denmark,2023,60965641.28,CO2,DNK
Germany,2023,477174998.32,CO2,DEU
Estonia,2023,8391837.16,CO2,EST
Ireland,2023,38287501.26,CO2,IRL
Greece,2023,46879879.95,CO2,GRC
Spain,2023,168009695.12,CO2,ESP
France,2023,216764078.21,CO2,FRA
Croatia,2023,11610000.23,CO2,HRV
Italy,2023,228167639.98,CO2,ITA
Cyprus,2023,5568842.86,CO2,CYP
Latvia,2023,6668554.46,CO2,LVA
Lithuania,2023,14807599.23,CO2,LTU
Luxembourg,2023,6596821.78,CO2,LUX
Hungary,2023,32511269.05,CO2,HUN
Malta,2023,3086872.33,CO2,MLT
Netherlands,2023,111964055.4,CO2,NLD
Austria,2023,44701734.57,CO2,AUT
Poland,2023,265202735.6,CO2,POL
Portugal,2023,32283670.91,CO2,PRT
Romania,2023,52411532.24,CO2,ROU
Slovenia,2023,8517453.08,CO2,SVN
Slovakia,2023,24900706.83,CO2,SVK
Finland,2023,30160300.99,CO2,FIN
Sweden,2023,31720386.52,CO2,SWE
Iceland,2023,5514264.48,CO2,ISL
Norway,2023,47632688.39,CO2,NOR
Switzerland,2023,:,CO2,CHE
Serbia,2023,:,CO2,SRB
Türkiye,2023,:,CO2,TUR
Belgium,2008,318968.93,CH4,BEL
Bulgaria,2008,236404.45,CH4,BGR
Czechia,2008,551147.03,CH4,CZE
Denmark,2008,319754.64,CH4,DNK
Germany,2008,2211588.09,CH4,DEU
Estonia,2008,44793.06,CH4,EST
Ireland,2008,539894.04,CH4,IRL
Greece,2008,441380.18,CH4,GRC
Spain,2008,1550285.75,CH4,ESP
France,2008,2420291.31,CH4,FRA
Croatia,2008,143083.03,CH4,HRV
Italy,2008,1795539.72,CH4,ITA
Cyprus,2008,34177.72,CH4,CYP
Latvia,2008,61781.22,CH4,LVA
Lithuania,2008,144377.99,CH4,LTU
Luxembourg,2008,23777.55,CH4,LUX
Hungary,2008,339152.29,CH4,HUN
Malta,2008,5851.39,CH4,MLT
Netherlands,2008,754862.61,CH4,NLD
Austria,2008,279963.15,CH4,AUT
Poland,2008,1660008.07,CH4,POL
Portugal,2008,389216.7,CH4,PRT
Romania,2008,1159007.77,CH4,ROU
Slovenia,2008,82554.82,CH4,SVN
Slovakia,2008,164269.15,CH4,SVK
Finland,2008,201715.85,CH4,FIN
Sweden,2008,215235.24,CH4,SWE
Iceland,2008,26425.23,CH4,ISL
Norway,2008,185635.75,CH4,NOR
Switzerland,2008,193830.48,CH4,CHE
Serbia,2008,:,CH4,SRB
Türkiye,2008,1943780.97,CH4,TUR
Belgium,2009,315839.44,CH4,BEL
Bulgaria,2009,231716.95,CH4,BGR
Czechia,2009,519828.26,CH4,CZE
Denmark,2009,314008.68,CH4,DNK
Germany,2009,2113783.42,CH4,DEU
Estonia,2009,45274.99,CH4,EST
Ireland,2009,524359.15,CH4,IRL
Greece,2009,428521.14,CH4,GRC
Spain,2009,1600738.06,CH4,ESP
France,2009,2375380.47,CH4,FRA
Croatia,2009,146184.98,CH4,HRV
Italy,2009,1792004.72,CH4,ITA
Cyprus,2009,34166.22,CH4,CYP
Latvia,2009,61715.36,CH4,LVA
Lithuania,2009,140550.21,CH4,LTU
Luxembourg,2009,23694.06,CH4,LUX
Hungary,2009,330592.8,CH4,HUN
Malta,2009,6390.69,CH4,MLT
Netherlands,2009,747639.13,CH4,NLD
Austria,2009,276302.32,CH4,AUT
Poland,2009,1585681,CH4,POL
Portugal,2009,385125.9,CH4,PRT
Romania,2009,1101382.44,CH4,ROU
Slovenia,2009,79609.11,CH4,SVN
Slovakia,2009,158250.89,CH4,SVK
Finland,2009,197648.8,CH4,FIN
Sweden,2009,208876.61,CH4,SWE
Iceland,2009,26268.38,CH4,ISL
Norway,2009,185402.47,CH4,NOR
Switzerland,2009,190030.77,CH4,CHE
Serbia,2009,:,CH4,SRB
Türkiye,2009,1908271.6,CH4,TUR
Belgium,2010,313349.91,CH4,BEL
Bulgaria,2010,241058.75,CH4,BGR
Czechia,2010,526742.95,CH4,CZE
Denmark,2010,318078.58,CH4,DNK
Germany,2010,2090828.18,CH4,DEU
Estonia,2010,45465.18,CH4,EST
Ireland,2010,513258.52,CH4,IRL
Greece,2010,437109.29,CH4,GRC
Spain,2010,1526210.65,CH4,ESP
France,2010,2358674.5,CH4,FRA
Croatia,2010,147570.61,CH4,HRV
Italy,2010,1781451.67,CH4,ITA
Cyprus,2010,34554.75,CH4,CYP
Latvia,2010,61153.83,CH4,LVA
Lithuania,2010,139512.05,CH4,LTU
Luxembourg,2010,23541.52,CH4,LUX
Hungary,2010,328974.86,CH4,HUN
Malta,2010,5884.43,CH4,MLT
Netherlands,2010,741619.71,CH4,NLD
Austria,2010,271485.49,CH4,AUT
Poland,2010,1549621.22,CH4,POL
Portugal,2010,377139.9,CH4,PRT
Romania,2010,1017428.27,CH4,ROU
Slovenia,2010,78353.21,CH4,SVN
Slovakia,2010,156474.76,CH4,SVK
Finland,2010,199075.13,CH4,FIN
Sweden,2010,204585.84,CH4,SWE
Iceland,2010,26024.88,CH4,ISL
Norway,2010,182612.41,CH4,NOR
Switzerland,2010,189098.76,CH4,CHE
Serbia,2010,284264.27,CH4,SRB
Türkiye,2010,1984357.85,CH4,TUR
Belgium,2011,307078.23,CH4,BEL
Bulgaria,2011,250899.81,CH4,BGR
Czechia,2011,524130.95,CH4,CZE
Denmark,2011,312151.21,CH4,DNK
Germany,2011,2040060.72,CH4,DEU
Estonia,2011,43957.28,CH4,EST
Ireland,2011,512466.85,CH4,IRL
Greece,2011,429363.85,CH4,GRC
Spain,2011,1534846.11,CH4,ESP
France,2011,2290594.36,CH4,FRA
Croatia,2011,146806.04,CH4,HRV
Italy,2011,1768895.17,CH4,ITA
Cyprus,2011,34475.97,CH4,CYP
Latvia,2011,60066.89,CH4,LVA
Lithuania,2011,133347.24,CH4,LTU
Luxembourg,2011,22551.77,CH4,LUX
Hungary,2011,321059.56,CH4,HUN
Malta,2011,5812.38,CH4,MLT
Netherlands,2011,723270.95,CH4,NLD
Austria,2011,264238.79,CH4,AUT
Poland,2011,1506901.86,CH4,POL
Portugal,2011,374396.8,CH4,PRT
Romania,2011,992517.19,CH4,ROU
Slovenia,2011,78168.98,CH4,SVN
Slovakia,2011,155104.0,CH4,SVK
Finland,2011,194045.64,CH4,FIN
Sweden,2011,198693.39,CH4,SWE
Iceland,2011,25252.61,CH4,ISL
Norway,2011,177869.25,CH4,NOR
Switzerland,2011,187701.58,CH4,CHE
Serbia,2011,293621.09,CH4,SRB
Türkiye,2011,2105173.3,CH4,TUR
Belgium,2012,304155.32,CH4,BEL
Bulgaria,2012,243185.1,CH4,BGR
Czechia,2012,520647.87,CH4,CZE
Denmark,2012,308688.92,CH4,DNK
Germany,2012,2050240.1,CH4,DEU
Estonia,2012,44722.64,CH4,EST
Ireland,2012,538940.74,CH4,IRL
Greece,2012,421722.5,CH4,GRC
Spain,2012,1491439.0,CH4,ESP
France,2012,2260507.13,CH4,FRA
Croatia,2012,145336.6,CH4,HRV
Italy,2012,1762264.06,CH4,ITA
Cyprus,2012,34091.55,CH4,CYP
Latvia,2012,60265.5,CH4,LVA
Lithuania,2012,133695.39,CH4,LTU
Luxembourg,2012,22438.48,CH4,LUX
Hungary,2012,323362.76,CH4,HUN
Malta,2012,5984.64,CH4,MLT
Netherlands,2012,705686.07,CH4,NLD
Austria,2012,259144.13,CH4,AUT
Poland,2012,1486569.83,CH4,POL
Portugal,2012,365013.4,CH4,PRT
Romania,2012,997206.49,CH4,ROU
Slovenia,2012,76541.85,CH4,SVN
Slovakia,2012,149135.0,CH4,SVK
Finland,2012,191887.78,CH4,FIN
Sweden,2012,191875.68,CH4,SWE
Iceland,2012,24110.8,CH4,ISL
Norway,2012,175569.73,CH4,NOR
Switzerland,2012,186853.33,CH4,CHE
Serbia,2012,292186.31,CH4,SRB
Türkiye,2012,2249548.68,CH4,TUR
Belgium,2013,296668.95,CH4,BEL
Bulgaria,2013,239621.35,CH4,BGR
Czechia,2013,494772.82,CH4,CZE
Denmark,2013,305436.98,CH4,DNK
Germany,2013,2016737.58,CH4,DEU
Estonia,2013,44547.24,CH4,EST
Ireland,2013,549635.26,CH4,IRL
Greece,2013,413502.24,CH4,GRC
Spain,2013,1441851.42,CH4,ESP
France,2013,2199117.29,CH4,FRA
Croatia,2013,141489.47,CH4,HRV
Italy,2013,1706419.55,CH4,ITA
Cyprus,2013,33593.19,CH4,CYP
Latvia,2013,62128.5,CH4,LVA
Lithuania,2013,131224.42,CH4,LTU
Luxembourg,2013,22614.67,CH4,LUX
Hungary,2013,317181.49,CH4,HUN
Malta,2013,5916.37,CH4,MLT
Netherlands,2013,703673.05,CH4,NLD
Austria,2013,254803.12,CH4,AUT
Poland,2013,1490343.22,CH4,POL
Portugal,2013,357569.3,CH4,PRT
Romania,2013,974116.76,CH4,ROU
Slovenia,2013,74149.68,CH4,SVN
Slovakia,2013,149117.58,CH4,SVK
Finland,2013,188326.79,CH4,FIN
Sweden,2013,188151.07,CH4,SWE
Iceland,2013,23763.82,CH4,ISL
Norway,2013,176046.24,CH4,NOR
Switzerland,2013,184428.36,CH4,CHE
Serbia,2013,296025.05,CH4,SRB
Türkiye,2013,2225049.78,CH4,TUR
Belgium,2014,293675.07,CH4,BEL
Bulgaria,2014,242531.0,CH4,BGR
Czechia,2014,495709.75,CH4,CZE
Denmark,2014,305491.29,CH4,DNK
Germany,2014,1972043.61,CH4,DEU
Estonia,2014,43734.42,CH4,EST
Ireland,2014,553463.11,CH4,IRL
Greece,2014,406558.12,CH4,GRC
Spain,2014,1411861.37,CH4,ESP
France,2014,2179293.02,CH4,FRA
Croatia,2014,141973.08,CH4,HRV
Italy,2014,1678660.09,CH4,ITA
Cyprus,2014,33648.22,CH4,CYP
Latvia,2014,63847.34,CH4,LVA
Lithuania,2014,129805.75,CH4,LTU
Luxembourg,2014,22982.04,CH4,LUX
Hungary,2014,314762.8,CH4,HUN
Malta,2014,6396.31,CH4,MLT
Netherlands,2014,690510.94,CH4,NLD
Austria,2014,250564.55,CH4,AUT
Poland,2014,1482375.41,CH4,POL
Portugal,2014,353856.7,CH4,PRT
Romania,2014,965604.7,CH4,ROU
Slovenia,2014,71412.92,CH4,SVN
Slovakia,2014,144315.33,CH4,SVK
Finland,2014,184473.43,CH4,FIN
Sweden,2014,182492.81,CH4,SWE
Iceland,2014,24551.05,CH4,ISL
Norway,2014,176039.8,CH4,NOR
Switzerland,2014,184820.42,CH4,CHE
Serbia,2014,285801.1,CH4,SRB
Türkiye,2014,2296152.98,CH4,TUR
Belgium,2015,292748.23,CH4,BEL
Bulgaria,2015,246799.47,CH4,BGR
Czechia,2015,497220.42,CH4,CZE
Denmark,2015,302418.02,CH4,DNK
Germany,2015,1953146.35,CH4,DEU
Estonia,2015,40142.55,CH4,EST
Ireland,2015,573611.88,CH4,IRL
Greece,2015,398817.58,CH4,GRC
Spain,2015,1467010.35,CH4,ESP
France,2015,2157674.31,CH4,FRA
Croatia,2015,143568.21,CH4,HRV
Italy,2015,1669089.54,CH4,ITA
Cyprus,2015,33816.2,CH4,CYP
Latvia,2015,61437.44,CH4,LVA
Lithuania,2015,128997.22,CH4,LTU
Luxembourg,2015,23038.96,CH4,LUX
Hungary,2015,314406.6,CH4,HUN
Malta,2015,6865.82,CH4,MLT
Netherlands,2015,697612.92,CH4,NLD
Austria,2015,247259.38,CH4,AUT
Poland,2015,1511671.64,CH4,POL
Portugal,2015,348590.4,CH4,PRT
Romania,2015,961805.16,CH4,ROU
Slovenia,2015,73280.97,CH4,SVN
Slovakia,2015,143251.5,CH4,SVK
Finland,2015,183946.69,CH4,FIN
Sweden,2015,177867.39,CH4,SWE
Iceland,2015,24694.34,CH4,ISL
Norway,2015,176821.0,CH4,NOR
Switzerland,2015,183636.07,CH4,CHE
Serbia,2015,289979.1,CH4,SRB
Türkiye,2015,2091214.78,CH4,TUR
Belgium,2016,290451.09,CH4,BEL
Bulgaria,2016,240294.85,CH4,BGR
Czechia,2016,481902.6,CH4,CZE
Denmark,2016,305879.14,CH4,DNK
Germany,2016,1893419.92,CH4,DEU
Estonia,2016,39346.77,CH4,EST
Ireland,2016,589162.78,CH4,IRL
Greece,2016,387110.91,CH4,GRC
Spain,2016,1460244.59,CH4,ESP
France,2016,2153568.72,CH4,FRA
Croatia,2016,143098.34,CH4,HRV
Italy,2016,1651744.36,CH4,ITA
Cyprus,2016,34645.67,CH4,CYP
Latvia,2016,62383.82,CH4,LVA
Lithuania,2016,124957.94,CH4,LTU
Luxembourg,2016,23511.15,CH4,LUX
Hungary,2016,311562.35,CH4,HUN
Malta,2016,7305.04,CH4,MLT
Netherlands,2016,701548.4,CH4,NLD
Austria,2016,244275.06,CH4,AUT
Poland,2016,1489308.13,CH4,POL
Portugal,2016,350200.0,CH4,PRT
Romania,2016,939081.69,CH4,ROU
Slovenia,2016,74916.65,CH4,SVN
Slovakia,2016,140261.52,CH4,SVK
Finland,2016,178270.47,CH4,FIN
Sweden,2016,174590.99,CH4,SWE
Iceland,2016,24623.77,CH4,ISL
Norway,2016,175548.56,CH4,NOR
Switzerland,2016,182030.96,CH4,CHE
Serbia,2016,283891.07,CH4,SRB
Türkiye,2016,2216731.81,CH4,TUR
Belgium,2017,284549.0,CH4,BEL
Bulgaria,2017,236562.78,CH4,BGR
Czechia,2017,471974.9,CH4,CZE
Denmark,2017,306816.72,CH4,DNK
Germany,2017,1863403.11,CH4,DEU
Estonia,2017,39879.75,CH4,EST
Ireland,2017,607508.99,CH4,IRL
Greece,2017,399689.47,CH4,GRC
Spain,2017,1468577.75,CH4,ESP
France,2017,2137851.24,CH4,FRA
Croatia,2017,142222.24,CH4,HRV
Italy,2017,1643635.36,CH4,ITA
Cyprus,2017,35281.66,CH4,CYP
Latvia,2017,63124.34,CH4,LVA
Lithuania,2017,125710.04,CH4,LTU
Luxembourg,2017,23591.76,CH4,LUX
Hungary,2017,313078.51,CH4,HUN
Malta,2017,7189.68,CH4,MLT
Netherlands,2017,688829.2,CH4,NLD
Austria,2017,243145.37,CH4,AUT
Poland,2017,1501701.54,CH4,POL
Portugal,2017,353355.1,CH4,PRT
Romania,2017,921460.67,CH4,ROU
Slovenia,2017,73358.74,CH4,SVN
Slovakia,2017,139691.75,CH4,SVK
Finland,2017,173497.15,CH4,FIN
Sweden,2017,173289.31,CH4,SWE
Iceland,2017,24193.87,CH4,ISL
Norway,2017,173386.19,CH4,NOR
Switzerland,2017,180078.0,CH4,CHE
Serbia,2017,280590.78,CH4,SRB
Türkiye,2017,2246350.07,CH4,TUR
Belgium,2018,281707.29,CH4,BEL
Bulgaria,2018,226546.56,CH4,BGR
Czechia,2018,467518.26,CH4,CZE
Denmark,2018,309705.54,CH4,DNK
Germany,2018,1781063.34,CH4,DEU
Estonia,2018,40341.83,CH4,EST
Ireland,2018,619657.14,CH4,IRL
Greece,2018,406034.28,CH4,GRC
Spain,2018,1471357.25,CH4,ESP
France,2018,2102017.62,CH4,FRA
Croatia,2018,135928.06,CH4,HRV
Italy,2018,1622059.87,CH4,ITA
Cyprus,2018,35795.49,CH4,CYP
Latvia,2018,59596.99,CH4,LVA
Lithuania,2018,118436.38,CH4,LTU
Luxembourg,2018,23729.3,CH4,LUX
Hungary,2018,314299.76,CH4,HUN
Malta,2018,7489.82,CH4,MLT
Netherlands,2018,651020.23,CH4,NLD
Austria,2018,235854.25,CH4,AUT
Poland,2018,1493043.18,CH4,POL
Portugal,2018,356705.9,CH4,PRT
Romania,2018,905223.69,CH4,ROU
Slovenia,2018,71508.66,CH4,SVN
Slovakia,2018,136685.69,CH4,SVK
Finland,2018,171142.08,CH4,FIN
Sweden,2018,169696.54,CH4,SWE
Iceland,2018,23566.24,CH4,ISL
Norway,2018,171119.34,CH4,NOR
Switzerland,2018,178847.21,CH4,CHE
Serbia,2018,277541.96,CH4,SRB
Türkiye,2018,2411919.44,CH4,TUR
Belgium,2019,278893.9,CH4,BEL
Bulgaria,2019,217939.51,CH4,BGR
Czechia,2019,455189.81,CH4,CZE
Denmark,2019,303640.33,CH4,DNK
Germany,2019,1682122.77,CH4,DEU
Estonia,2019,40926.6,CH4,EST
Ireland,2019,601816.16,CH4,IRL
Greece,2019,398136.79,CH4,GRC
Spain,2019,1455505.43,CH4,ESP
France,2019,2090951.75,CH4,FRA
Croatia,2019,133640.77,CH4,HRV
Italy,2019,1576719.52,CH4,ITA
Cyprus,2019,36509.53,CH4,CYP
Latvia,2019,60088.43,CH4,LVA
Lithuania,2019,116507.02,CH4,LTU
Luxembourg,2019,23004.37,CH4,LUX
Hungary,2019,312782.83,CH4,HUN
Malta,2019,8042.88,CH4,MLT
Netherlands,2019,660922.91,CH4,NLD
Austria,2019,230726.67,CH4,AUT
Poland,2019,1407471.0,CH4,POL
Portugal,2019,359572.0,CH4,PRT
Romania,2019,913097.47,CH4,ROU
Slovenia,2019,71083.15,CH4,SVN
Slovakia,2019,135308.1,CH4,SVK
Finland,2019,167542.45,CH4,FIN
Sweden,2019,164397.45,CH4,SWE
Iceland,2019,21965.57,CH4,ISL
Norway,2019,164449.17,CH4,NOR
Switzerland,2019,175665.36,CH4,CHE
Serbia,2019,281206.41,CH4,SRB
Türkiye,2019,2525702.24,CH4,TUR
Belgium,2020,275154.17,CH4,BEL
Bulgaria,2020,211399.4,CH4,BGR
Czechia,2020,429880.64,CH4,CZE
Denmark,2020,304340.7,CH4,DNK
Germany,2020,1641304.05,CH4,DEU
Estonia,2020,39747.83,CH4,EST
Ireland,2020,609820.05,CH4,IRL
Greece,2020,398500.76,CH4,GRC
Spain,2020,1471700.46,CH4,ESP
France,2020,2057367.79,CH4,FRA
Croatia,2020,129591.8,CH4,HRV
Italy,2020,1606302.56,CH4,ITA
Cyprus,2020,37617.55,CH4,CYP
Latvia,2020,59924.14,CH4,LVA
Lithuania,2020,113368.12,CH4,LTU
Luxembourg,2020,23415.58,CH4,LUX
Hungary,2020,309720.72,CH4,HUN
Malta,2020,8012.56,CH4,MLT
Netherlands,2020,651073.57,CH4,NLD
Austria,2020,227177.17,CH4,AUT
Poland,2020,1403301.45,CH4,POL
Portugal,2020,355261.8,CH4,PRT
Romania,2020,893859.64,CH4,ROU
Slovenia,2020,70288.78,CH4,SVN
Slovakia,2020,132621.56,CH4,SVK
Finland,2020,165405.19,CH4,FIN
Sweden,2020,161177.16,CH4,SWE
Iceland,2020,22565.27,CH4,ISL
Norway,2020,163968.07,CH4,NOR
Switzerland,2020,173914.33,CH4,CHE
Serbia,2020,281285.61,CH4,SRB
Türkiye,2020,2535505.15,CH4,TUR
Belgium,2021,269649.16,CH4,BEL
Bulgaria,2021,219250.29,CH4,BGR
Czechia,2021,431153.72,CH4,CZE
Denmark,2021,308499.04,CH4,DNK
Germany,2021,1592200.43,CH4,DEU
Estonia,2021,40139.45,CH4,EST
Ireland,2021,621756.19,CH4,IRL
Greece,2021,410814.44,CH4,GRC
Spain,2021,1491948.51,CH4,ESP
France,2021,1997116.28,CH4,FRA
Croatia,2021,124092.61,CH4,HRV
Italy,2021,1582306.81,CH4,ITA
Cyprus,2021,38371.81,CH4,CYP
Latvia,2021,59239.66,CH4,LVA
Lithuania,2021,112507.32,CH4,LTU
Luxembourg,2021,23290.36,CH4,LUX
Hungary,2021,302971.1,CH4,HUN
Malta,2021,8055.07,CH4,MLT
Netherlands,2021,638783.05,CH4,NLD
Austria,2021,226308.23,CH4,AUT
Poland,2021,1384438.22,CH4,POL
Portugal,2021,356000.5,CH4,PRT
Romania,2021,875056.89,CH4,ROU
Slovenia,2021,68175.9,CH4,SVN
Slovakia,2021,132085.66,CH4,SVK
Finland,2021,161222.45,CH4,FIN
Sweden,2021,159002.43,CH4,SWE
Iceland,2021,22423.05,CH4,ISL
Norway,2021,163134.0,CH4,NOR
Switzerland,2021,174060.17,CH4,CHE
Serbia,2021,277224.71,CH4,SRB
Türkiye,2021,2556723.43,CH4,TUR
Belgium,2022,262942.51,CH4,BEL
Bulgaria,2022,222310.23,CH4,BGR
Czechia,2022,427400.52,CH4,CZE
Denmark,2022,299048.53,CH4,DNK
Germany,2022,1558301.78,CH4,DEU
Estonia,2022,39553.69,CH4,EST
Ireland,2022,625948.31,CH4,IRL
Greece,2022,412194.83,CH4,GRC
Spain,2022,1488824.28,CH4,ESP
France,2022,1962509.71,CH4,FRA
Croatia,2022,122648.46,CH4,HRV
Italy,2022,1543417.99,CH4,ITA
Cyprus,2022,38125.69,CH4,CYP
Latvia,2022,59625.37,CH4,LVA
Lithuania,2022,109492.84,CH4,LTU
Luxembourg,2022,22795.88,CH4,LUX
Hungary,2022,293859.73,CH4,HUN
Malta,2022,8096.8,CH4,MLT
Netherlands,2022,620477.43,CH4,NLD
Austria,2022,223915.97,CH4,AUT
Poland,2022,1335096.88,CH4,POL
Portugal,2022,355382.1,CH4,PRT
Romania,2022,869121.64,CH4,ROU
Slovenia,2022,64382.69,CH4,SVN
Slovakia,2022,125305.36,CH4,SVK
Finland,2022,155761.0,CH4,FIN
Sweden,2022,157606.68,CH4,SWE
Iceland,2022,21840.96,CH4,ISL
Norway,2022,160065.12,CH4,NOR
Switzerland,2022,172969.36,CH4,CHE
Serbia,2022,273596.41,CH4,SRB
Türkiye,2022,2502798.97,CH4,TUR
Belgium,2023,294493.9,CH4,BEL
Bulgaria,2023,247855.35,CH4,BGR
Czechia,2023,471461.19,CH4,CZE
Denmark,2023,291833.71,CH4,DNK
Germany,2023,1718307.52,CH4,DEU
Estonia,2023,43265.29,CH4,EST
Ireland,2023,564312.85,CH4,IRL
Greece,2023,459509.69,CH4,GRC
Spain,2023,1469769.32,CH4,ESP
France,2023,1934566.8,CH4,FRA
Croatia,2023,123049.44,CH4,HRV
Italy,2023,1537497.21,CH4,ITA
Cyprus,2023,42848.34,CH4,CYP
Latvia,2023,64213.69,CH4,LVA
Lithuania,2023,116751.15,CH4,LTU
Luxembourg,2023,25659.96,CH4,LUX
Hungary,2023,322204.38,CH4,HUN
Malta,2023,8926.41,CH4,MLT
Netherlands,2023,613943.86,CH4,NLD
Austria,2023,246488.16,CH4,AUT
Poland,2023,1452585.05,CH4,POL
Portugal,2023,396093.26,CH4,PRT
Romania,2023,965255.77,CH4,ROU
Slovenia,2023,71059.46,CH4,SVN
Slovakia,2023,135429.61,CH4,SVK
Finland,2023,168450.55,CH4,FIN
Sweden,2023,155986.61,CH4,SWE
Iceland,2023,22287.5,CH4,ISL
Norway,2023,172756.41,CH4,NOR
Switzerland,2023,:,CH4,CHE
Serbia,2023,:,CH4,SRB
Türkiye,2023,:,CH4,TUR
Belgium,2008,22888.08,N2O,BEL
Bulgaria,2008,9770.14,N2O,BGR
Czechia,2008,21254.06,N2O,CZE
Denmark,2008,20893.41,N2O,DNK
Germany,2008,128327.63,N2O,DEU
Estonia,2008,2590.71,N2O,EST
Ireland,2008,19108.68,N2O,IRL
Greece,2008,19523.41,N2O,GRC
Spain,2008,39897.3,N2O,ESP
France,2008,122867.1,N2O,FRA
Croatia,2008,9114.08,N2O,HRV
Italy,2008,68051.93,N2O,ITA
Cyprus,2008,597.13,N2O,CYP
Latvia,2008,3831.31,N2O,LVA
Lithuania,2008,17255.61,N2O,LTU
Luxembourg,2008,802.18,N2O,LUX
Hungary,2008,13257.16,N2O,HUN
Malta,2008,210.85,N2O,MLT
Netherlands,2008,30059.33,N2O,NLD
Austria,2008,11909.26,N2O,AUT
Poland,2008,84821.06,N2O,POL
Portugal,2008,13654.4,N2O,PRT
Romania,2008,37043.76,N2O,ROU
Slovenia,2008,2217.19,N2O,SVN
Slovakia,2008,8955.98,N2O,SVK
Finland,2008,19816.07,N2O,FIN
Sweden,2008,14681.8,N2O,SWE
Iceland,2008,1004.46,N2O,ISL
Norway,2008,10956.38,N2O,NOR
Switzerland,2008,12134.2,N2O,CHE
Serbia,2008,:,N2O,SRB
Türkiye,2008,82602.82,N2O,TUR
Belgium,2009,23180.03,N2O,BEL
Bulgaria,2009,8859.65,N2O,BGR
Czechia,2009,17546.82,N2O,CZE
Denmark,2009,20116.9,N2O,DNK
Germany,2009,129591.75,N2O,DEU
Estonia,2009,2428.11,N2O,EST
Ireland,2009,18575.91,N2O,IRL
Greece,2009,18407.33,N2O,GRC
Spain,2009,39742.62,N2O,ESP
France,2009,117463.36,N2O,FRA
Croatia,2009,6974.44,N2O,HRV
Italy,2009,64390.84,N2O,ITA
Cyprus,2009,589.13,N2O,CYP
Latvia,2009,3881.48,N2O,LVA
Lithuania,2009,10314.34,N2O,LTU
Luxembourg,2009,796.14,N2O,LUX
Hungary,2009,12218.99,N2O,HUN
Malta,2009,203.66,N2O,MLT
Netherlands,2009,29455.27,N2O,NLD
Austria,2009,11165.76,N2O,AUT
Poland,2009,74190.55,N2O,POL
Portugal,2009,12980.2,N2O,PRT
Romania,2009,35090.47,N2O,ROU
Slovenia,2009,2243.11,N2O,SVN
Slovakia,2009,7712.12,N2O,SVK
Finland,2009,16767.56,N2O,FIN
Sweden,2009,14038.22,N2O,SWE
Iceland,2009,936.18,N2O,ISL
Norway,2009,8979.81,N2O,NOR
Switzerland,2009,11650.61,N2O,CHE
Serbia,2009,:,N2O,SRB
Türkiye,2009,86436.52,N2O,TUR
Belgium,2010,24937.5,N2O,BEL
Bulgaria,2010,10769.76,N2O,BGR
Czechia,2010,17449.7,N2O,CZE
Denmark,2010,19640.96,N2O,DNK
Germany,2010,99148.84,N2O,DEU
Estonia,2010,2497.32,N2O,EST
Ireland,2010,19534.6,N2O,IRL
Greece,2010,19211.08,N2O,GRC
Spain,2010,40118.82,N2O,ESP
France,2010,107189.67,N2O,FRA
Croatia,2010,7802.87,N2O,HRV
Italy,2010,62013.29,N2O,ITA
Cyprus,2010,623.22,N2O,CYP
Latvia,2010,4004.16,N2O,LVA
Lithuania,2010,9959.07,N2O,LTU
Luxembourg,2010,798.77,N2O,LUX
Hungary,2010,11968.02,N2O,HUN
Malta,2010,207.46,N2O,MLT
Netherlands,2010,28482.08,N2O,NLD
Austria,2010,10484.77,N2O,AUT
Poland,2010,72582.17,N2O,POL
Portugal,2010,13087.4,N2O,PRT
Romania,2010,35675.36,N2O,ROU
Slovenia,2010,2212.23,N2O,SVN
Slovakia,2010,7840.02,N2O,SVK
Finland,2010,15372.22,N2O,FIN
Sweden,2010,14569.28,N2O,SWE
Iceland,2010,910.23,N2O,ISL
Norway,2010,8632.98,N2O,NOR
Switzerland,2010,11992.93,N2O,CHE
Serbia,2010,10450.89,N2O,SRB
Türkiye,2010,89623.95,N2O,TUR
Belgium,2011,20887.79,N2O,BEL
Bulgaria,2011,9815.26,N2O,BGR
Czechia,2011,20289.6,N2O,CZE
Denmark,2011,19796.35,N2O,DNK
Germany,2011,98915.75,N2O,DEU
Estonia,2011,2531.59,N2O,EST
Ireland,2011,18024.16,N2O,IRL
Greece,2011,18411.54,N2O,GRC
Spain,2011,37384.73,N2O,ESP
France,2011,105367.41,N2O,FRA
Croatia,2011,8023.33,N2O,HRV
Italy,2011,61176.46,N2O,ITA
Cyprus,2011,606.49,N2O,CYP
Latvia,2011,4008.84,N2O,LVA
Lithuania,2011,11117.71,N2O,LTU
Luxembourg,2011,787.21,N2O,LUX
Hungary,2011,12584.82,N2O,HUN
Malta,2011,187.57,N2O,MLT
Netherlands,2011,27790.87,N2O,NLD
Austria,2011,10813.93,N2O,AUT
Poland,2011,73650.74,N2O,POL
Portugal,2011,11942.9,N2O,PRT
Romania,2011,36764.16,N2O,ROU
Slovenia,2011,2237.24,N2O,SVN
Slovakia,2011,5491.47,N2O,SVK
Finland,2011,14993.87,N2O,FIN
Sweden,2011,13527.71,N2O,SWE
Iceland,2011,900.0,N2O,ISL
Norway,2011,8903.27,N2O,NOR
Switzerland,2011,11786.64,N2O,CHE
Serbia,2011,11445.43,N2O,SRB
Türkiye,2011,93490.04,N2O,TUR
Belgium,2012,20710.6,N2O,BEL
Bulgaria,2012,10375.75,N2O,BGR
Czechia,2012,20021.4,N2O,CZE
Denmark,2012,19363.8,N2O,DNK
Germany,2012,99201.3,N2O,DEU
Estonia,2012,2690.85,N2O,EST
Ireland,2012,18806.82,N2O,IRL
Greece,2012,16983.05,N2O,GRC
Spain,2012,35874.92,N2O,ESP
France,2012,105356.17,N2O,FRA
Croatia,2012,7259.97,N2O,HRV
Italy,2012,61967.44,N2O,ITA
Cyprus,2012,589.49,N2O,CYP
Latvia,2012,4231.96,N2O,LVA
Lithuania,2012,10514.9,N2O,LTU
Luxembourg,2012,763.69,N2O,LUX
Hungary,2012,12282.17,N2O,HUN
Malta,2012,187.96,N2O,MLT
Netherlands,2012,27231.02,N2O,NLD
Austria,2012,10690.06,N2O,AUT
Poland,2012,73901.24,N2O,POL
Portugal,2012,11986.3,N2O,PRT
Romania,2012,33919.13,N2O,ROU
Slovenia,2012,2247.5,N2O,SVN
Slovakia,2012,4882.2,N2O,SVK
Finland,2012,14943.52,N2O,FIN
Sweden,2012,13297.62,N2O,SWE
Iceland,2012,926.81,N2O,ISL
Norway,2012,8877.77,N2O,NOR
Switzerland,2012,11663.24,N2O,CHE
Serbia,2012,13401.35,N2O,SRB
Türkiye,2012,96586.39,N2O,TUR
Belgium,2013,20148.19,N2O,BEL
Bulgaria,2013,11417.24,N2O,BGR
Czechia,2013,18985.73,N2O,CZE
Denmark,2013,19189.79,N2O,DNK
Germany,2013,100073.57,N2O,DEU
Estonia,2013,2679.9,N2O,EST
Ireland,2013,20237.26,N2O,IRL
Greece,2013,15908.66,N2O,GRC
Spain,2013,37185.96,N2O,ESP
France,2013,102962.29,N2O,FRA
Croatia,2013,5299.83,N2O,HRV
Italy,2013,59262.36,N2O,ITA
Cyprus,2013,531.06,N2O,CYP
Latvia,2013,4327.96,N2O,LVA
Lithuania,2013,9749.21,N2O,LTU
Luxembourg,2013,770.45,N2O,LUX
Hungary,2013,13464.99,N2O,HUN
Malta,2013,187.55,N2O,MLT
Netherlands,2013,27956.85,N2O,NLD
Austria,2013,10555.35,N2O,AUT
Poland,2013,74508.56,N2O,POL
Portugal,2013,11973.3,N2O,PRT
Romania,2013,35129.48,N2O,ROU
Slovenia,2013,2161.35,N2O,SVN
Slovakia,2013,4949.27,N2O,SVK
Finland,2013,15080.3,N2O,FIN
Sweden,2013,13406.43,N2O,SWE
Iceland,2013,919.74,N2O,ISL
Norway,2013,8795.12,N2O,NOR
Switzerland,2013,11565.1,N2O,CHE
Serbia,2013,13155.99,N2O,SRB
Türkiye,2013,102571.83,N2O,TUR
Belgium,2014,20260.01,N2O,BEL
Bulgaria,2014,13379.95,N2O,BGR
Czechia,2014,19382.27,N2O,CZE
Denmark,2014,19489.54,N2O,DNK
Germany,2014,99983.41,N2O,DEU
Estonia,2014,2775.2,N2O,EST
Ireland,2014,19419.47,N2O,IRL
Greece,2014,15201.24,N2O,GRC
Spain,2014,38272.44,N2O,ESP
France,2014,106987.52,N2O,FRA
Croatia,2014,5198.66,N2O,HRV
Italy,2014,58616.76,N2O,ITA
Cyprus,2014,520.0,N2O,CYP
Latvia,2014,4484.52,N2O,LVA
Lithuania,2014,9999.98,N2O,LTU
Luxembourg,2014,790.65,N2O,LUX
Hungary,2014,14258.27,N2O,HUN
Malta,2014,191.57,N2O,MLT
Netherlands,2014,28508.78,N2O,NLD
Austria,2014,10894.27,N2O,AUT
Poland,2014,73255.98,N2O,POL
Portugal,2014,12517.3,N2O,PRT
Romania,2014,34550.03,N2O,ROU
Slovenia,2014,2205.79,N2O,SVN
Slovakia,2014,5309.94,N2O,SVK
Finland,2014,15259.89,N2O,FIN
Sweden,2014,13768.31,N2O,SWE
Iceland,2014,998.76,N2O,ISL
Norway,2014,8894.62,N2O,NOR
Switzerland,2014,11586.22,N2O,CHE
Serbia,2014,10628.36,N2O,SRB
Türkiye,2014,103309.97,N2O,TUR
Belgium,2015,19689.69,N2O,BEL
Bulgaria,2015,14179.29,N2O,BGR
Czechia,2015,21605.03,N2O,CZE
Denmark,2015,19643.71,N2O,DNK
Germany,2015,101243.55,N2O,DEU
Estonia,2015,2894.75,N2O,EST
Ireland,2015,19623.92,N2O,IRL
Greece,2015,15122.36,N2O,GRC
Spain,2015,38532.83,N2O,ESP
France,2015,105716.72,N2O,FRA
Croatia,2015,5628.58,N2O,HRV
Italy,2015,58049.5,N2O,ITA
Cyprus,2015,534.87,N2O,CYP
Latvia,2015,4674.24,N2O,LVA
Lithuania,2015,10091.58,N2O,LTU
Luxembourg,2015,817.64,N2O,LUX
Hungary,2015,14584.83,N2O,HUN
Malta,2015,191.11,N2O,MLT
Netherlands,2015,29264.32,N2O,NLD
Austria,2015,10896.41,N2O,AUT
Poland,2015,70694.18,N2O,POL
Portugal,2015,12472.1,N2O,PRT
Romania,2015,34781.63,N2O,ROU
Slovenia,2015,2278.17,N2O,SVN
Slovakia,2015,4603.42,N2O,SVK
Finland,2015,15426.93,N2O,FIN
Sweden,2015,13876.14,N2O,SWE
Iceland,2015,952.35,N2O,ISL
Norway,2015,9192.11,N2O,NOR
Switzerland,2015,11462.74,N2O,CHE
Serbia,2015,10250.88,N2O,SRB
Türkiye,2015,105081.06,N2O,TUR
Belgium,2016,18781.57,N2O,BEL
Bulgaria,2016,15334.28,N2O,BGR
Czechia,2016,22050.85,N2O,CZE
Denmark,2016,20113.93,N2O,DNK
Germany,2016,100255.36,N2O,DEU
Estonia,2016,2820.3,N2O,EST
Ireland,2016,20043.59,N2O,IRL
Greece,2016,15468.13,N2O,GRC
Spain,2016,37847.57,N2O,ESP
France,2016,102970.86,N2O,FRA
Croatia,2016,4772.87,N2O,HRV
Italy,2016,60709.67,N2O,ITA
Cyprus,2016,542.71,N2O,CYP
Latvia,2016,4683.53,N2O,LVA
Lithuania,2016,9891.32,N2O,LTU
Luxembourg,2016,840.34,N2O,LUX
Hungary,2016,15464.92,N2O,HUN
Malta,2016,193.89,N2O,MLT
Netherlands,2016,28256.64,N2O,NLD
Austria,2016,11151.41,N2O,AUT
Poland,2016,72422.96,N2O,POL
Portugal,2016,12409.6,N2O,PRT
Romania,2016,34726.72,N2O,ROU
Slovenia,2016,2289.38,N2O,SVN
Slovakia,2016,5180.31,N2O,SVK
Finland,2016,15367.45,N2O,FIN
Sweden,2016,13792.06,N2O,SWE
Iceland,2016,958.81,N2O,ISL
Norway,2016,8748.84,N2O,NOR
Switzerland,2016,11296.03,N2O,CHE
Serbia,2016,11126.29,N2O,SRB
Türkiye,2016,112091.62,N2O,TUR
Belgium,2017,19410.67,N2O,BEL
Bulgaria,2017,14900.38,N2O,BGR
Czechia,2017,21215.43,N2O,CZE
Denmark,2017,20290.48,N2O,DNK
Germany,2017,98082.14,N2O,DEU
Estonia,2017,2928.65,N2O,EST
Ireland,2017,21212.1,N2O,IRL
Greece,2017,15765.44,N2O,GRC
Spain,2017,39441.74,N2O,ESP
France,2017,107311.13,N2O,FRA
Croatia,2017,5178.27,N2O,HRV
Italy,2017,58207.47,N2O,ITA
Cyprus,2017,567.51,N2O,CYP
Latvia,2017,4716.87,N2O,LVA
Lithuania,2017,10024.59,N2O,LTU
Luxembourg,2017,849.7,N2O,LUX
Hungary,2017,15491.46,N2O,HUN
Malta,2017,189.07,N2O,MLT
Netherlands,2017,29088.19,N2O,NLD
Austria,2017,10956.37,N2O,AUT
Poland,2017,76306.72,N2O,POL
Portugal,2017,12856.9,N2O,PRT
Romania,2017,36311.68,N2O,ROU
Slovenia,2017,2214.03,N2O,SVN
Slovakia,2017,4711.48,N2O,SVK
Finland,2017,15364.01,N2O,FIN
Sweden,2017,14238.56,N2O,SWE
Iceland,2017,1000.85,N2O,ISL
Norway,2017,8634.02,N2O,NOR
Switzerland,2017,11686.75,N2O,CHE
Serbia,2017,10261.98,N2O,SRB
Türkiye,2017,115603.91,N2O,TUR
Belgium,2018,18602.8,N2O,BEL
Bulgaria,2018,14789.05,N2O,BGR
Czechia,2018,19629.37,N2O,CZE
Denmark,2018,19463.14,N2O,DNK
Germany,2018,96107.82,N2O,DEU
Estonia,2018,2892.37,N2O,EST
Ireland,2018,22459.07,N2O,IRL
Greece,2018,15518.63,N2O,GRC
Spain,2018,39838.83,N2O,ESP
France,2018,103719.47,N2O,FRA
Croatia,2018,5034.73,N2O,HRV
Italy,2018,58380.86,N2O,ITA
Cyprus,2018,579.57,N2O,CYP
Latvia,2018,4528.38,N2O,LVA
Lithuania,2018,9578.74,N2O,LTU
Luxembourg,2018,846.16,N2O,LUX
Hungary,2018,15646.73,N2O,HUN
Malta,2018,185.29,N2O,MLT
Netherlands,2018,28416.28,N2O,NLD
Austria,2018,10832.59,N2O,AUT
Poland,2018,76973.31,N2O,POL
Portugal,2018,13019.3,N2O,PRT
Romania,2018,38920.59,N2O,ROU
Slovenia,2018,2267.27,N2O,SVN
Slovakia,2018,4595.37,N2O,SVK
Finland,2018,15295.29,N2O,FIN
Sweden,2018,13415.23,N2O,SWE
Iceland,2018,972.66,N2O,ISL
Norway,2018,8669.43,N2O,NOR
Switzerland,2018,11162.04,N2O,CHE
Serbia,2018,8695.32,N2O,SRB
Türkiye,2018,115854.59,N2O,TUR
Belgium,2019,18423.51,N2O,BEL
Bulgaria,2019,15801.66,N2O,BGR
Czechia,2019,19033.27,N2O,CZE
Denmark,2019,19878.3,N2O,DNK
Germany,2019,91404.1,N2O,DEU
Estonia,2019,3133.38,N2O,EST
Ireland,2019,21082.96,N2O,IRL
Greece,2019,15597.25,N2O,GRC
Spain,2019,39409.24,N2O,ESP
France,2019,100172.92,N2O,FRA
Croatia,2019,5050.64,N2O,HRV
Italy,2019,57686.27,N2O,ITA
Cyprus,2019,591.7,N2O,CYP
Latvia,2019,4850.02,N2O,LVA
Lithuania,2019,9773.64,N2O,LTU
Luxembourg,2019,866.88,N2O,LUX
Hungary,2019,15538.87,N2O,HUN
Malta,2019,206.02,N2O,MLT
Netherlands,2019,27962.7,N2O,NLD
Austria,2019,10862.14,N2O,AUT
Poland,2019,73457.36,N2O,POL
Portugal,2019,13261.9,N2O,PRT
Romania,2019,37630.73,N2O,ROU
Slovenia,2019,2416.54,N2O,SVN
Slovakia,2019,4816.54,N2O,SVK
Finland,2019,15896.16,N2O,FIN
Sweden,2019,13663.23,N2O,SWE
Iceland,2019,918.12,N2O,ISL
Norway,2019,8855.02,N2O,NOR
Switzerland,2019,11357.32,N2O,CHE
Serbia,2019,8206.67,N2O,SRB
Türkiye,2019,120966.09,N2O,TUR
Belgium,2020,17781.98,N2O,BEL
Bulgaria,2020,14726.45,N2O,BGR
Czechia,2020,17479.3,N2O,CZE
Denmark,2020,19746.75,N2O,DNK
Germany,2020,87760.31,N2O,DEU
Estonia,2020,3109.04,N2O,EST
Ireland,2020,21167.01,N2O,IRL
Greece,2020,16048.04,N2O,GRC
Spain,2020,40184.3,N2O,ESP
France,2020,96234.68,N2O,FRA
Croatia,2020,5188.0,N2O,HRV
Italy,2020,60636.22,N2O,ITA
Cyprus,2020,611.99,N2O,CYP
Latvia,2020,4947.9,N2O,LVA
Lithuania,2020,10544.82,N2O,LTU
Luxembourg,2020,843.3,N2O,LUX
Hungary,2020,16100.41,N2O,HUN
Malta,2020,207.37,N2O,MLT
Netherlands,2020,27368.72,N2O,NLD
Austria,2020,10719.54,N2O,AUT
Poland,2020,75935.86,N2O,POL
Portugal,2020,12966.2,N2O,PRT
Romania,2020,35303.37,N2O,ROU
Slovenia,2020,2418.89,N2O,SVN
Slovakia,2020,4958.69,N2O,SVK
Finland,2020,15444.41,N2O,FIN
Sweden,2020,13792.64,N2O,SWE
Iceland,2020,897.38,N2O,ISL
Norway,2020,8526.18,N2O,NOR
Switzerland,2020,10915.53,N2O,CHE
Serbia,2020,9768.21,N2O,SRB
Türkiye,2020,132988.88,N2O,TUR
Belgium,2021,17455.52,N2O,BEL
Bulgaria,2021,15142.17,N2O,BGR
Czechia,2021,18486.79,N2O,CZE
Denmark,2021,18650.93,N2O,DNK
Germany,2021,85531.56,N2O,DEU
Estonia,2021,3190.38,N2O,EST
Ireland,2021,21987.14,N2O,IRL
Greece,2021,15859.11,N2O,GRC
Spain,2021,39742.56,N2O,ESP
France,2021,94779.16,N2O,FRA
Croatia,2021,5132.59,N2O,HRV
Italy,2021,59429.21,N2O,ITA
Cyprus,2021,616.69,N2O,CYP
Latvia,2021,4945.47,N2O,LVA
Lithuania,2021,9753.19,N2O,LTU
Luxembourg,2021,853.11,N2O,LUX
Hungary,2021,16126.75,N2O,HUN
Malta,2021,217.29,N2O,MLT
Netherlands,2021,26195.72,N2O,NLD
Austria,2021,10760.95,N2O,AUT
Poland,2021,77043.08,N2O,POL
Portugal,2021,12141.4,N2O,PRT
Romania,2021,38060.91,N2O,ROU
Slovenia,2021,2339.79,N2O,SVN
Slovakia,2021,4664.35,N2O,SVK
Finland,2021,15509.91,N2O,FIN
Sweden,2021,13421.62,N2O,SWE
Iceland,2021,909.09,N2O,ISL
Norway,2021,8489.97,N2O,NOR
Switzerland,2021,10533.31,N2O,CHE
Serbia,2021,7017.84,N2O,SRB
Türkiye,2021,131840.99,N2O,TUR
Belgium,2022,16508.13,N2O,BEL
Bulgaria,2022,15089.78,N2O,BGR
Czechia,2022,18880.31,N2O,CZE
Denmark,2022,18409.47,N2O,DNK
Germany,2022,84514.99,N2O,DEU
Estonia,2022,3252.61,N2O,EST
Ireland,2022,20480.77,N2O,IRL
Greece,2022,14785.85,N2O,GRC
Spain,2022,39365.78,N2O,ESP
France,2022,90683.18,N2O,FRA
Croatia,2022,4702.42,N2O,HRV
Italy,2022,53353.14,N2O,ITA
Cyprus,2022,617.56,N2O,CYP
Latvia,2022,4988.33,N2O,LVA
Lithuania,2022,8370.1,N2O,LTU
Luxembourg,2022,752.56,N2O,LUX
Hungary,2022,13329.28,N2O,HUN
Malta,2022,241.72,N2O,MLT
Netherlands,2022,24628.8,N2O,NLD
Austria,2022,10628.04,N2O,AUT
Poland,2022,74518.33,N2O,POL
Portugal,2022,12365.5,N2O,PRT
Romania,2022,33859.47,N2O,ROU
Slovenia,2022,2497.78,N2O,SVN
Slovakia,2022,4380.92,N2O,SVK
Finland,2022,14738.57,N2O,FIN
Sweden,2022,13622.55,N2O,SWE
Iceland,2022,916.28,N2O,ISL
Norway,2022,8510.7,N2O,NOR
Switzerland,2022,8986.65,N2O,CHE
Serbia,2022,7702.79,N2O,SRB
Türkiye,2022,125691.07,N2O,TUR
Belgium,2023,14254.25,N2O,BEL
Bulgaria,2023,13170.12,N2O,BGR
Czechia,2023,14754.63,N2O,CZE
Denmark,2023,18346.16,N2O,DNK
Germany,2023,70923.46,N2O,DEU
Estonia,2023,2844.26,N2O,EST
Ireland,2023,17968.28,N2O,IRL
Greece,2023,13493.77,N2O,GRC
Spain,2023,36796.97,N2O,ESP
France,2023,89037.96,N2O,FRA
Croatia,2023,4413.84,N2O,HRV
Italy,2023,54236.71,N2O,ITA
Cyprus,2023,551.3,N2O,CYP
Latvia,2023,4420.53,N2O,LVA
Lithuania,2023,7405.64,N2O,LTU
Luxembourg,2023,798.77,N2O,LUX
Hungary,2023,11549.91,N2O,HUN
Malta,2023,208.33,N2O,MLT
Netherlands,2023,24139.87,N2O,NLD
Austria,2023,9368.49,N2O,AUT
Poland,2023,64457.52,N2O,POL
Portugal,2023,11107.61,N2O,PRT
Romania,2023,30689.83,N2O,ROU
Slovenia,2023,1890.45,N2O,SVN
Slovakia,2023,4445.02,N2O,SVK
Finland,2023,12759.29,N2O,FIN
Sweden,2023,13543.35,N2O,SWE
Iceland,2023,990.61,N2O,ISL
Norway,2023,7247.46,N2O,NOR
Switzerland,2023,:,N2O,CHE
Serbia,2023,:,N2O,SRB
Türkiye,2023,:,N2O,TUR
